"LOCATION","INDICATOR","SUBJECT","MEASURE","FREQUENCY","TIME","Value","Flag Codes"
"AUS","WAGEGAP","EMPLOYEE","PC_PNT","A","1975",21.582733813,
"AUS","WAGEGAP","EMPLOYEE","PC_PNT","A","1976",20.754716981,
"AUS","WAGEGAP","EMPLOYEE","PC_PNT","A","1977",18.390804598,
"AUS","WAGEGAP","EMPLOYEE","PC_PNT","A","1978",19.791666667,
"AUS","WAGEGAP","EMPLOYEE","PC_PNT","A","1979",20,
"AUS","WAGEGAP","EMPLOYEE","PC_PNT","A","1980",18.75,
"AUS","WAGEGAP","EMPLOYEE","PC_PNT","A","1981",18.253968254,
"AUS","WAGEGAP","EMPLOYEE","PC_PNT","A","1982",20.819112628,
"AUS","WAGEGAP","EMPLOYEE","PC_PNT","A","1983",19.155844156,
"AUS","WAGEGAP","EMPLOYEE","PC_PNT","A","1984",18.674698795,
"AUS","WAGEGAP","EMPLOYEE","PC_PNT","A","1985",19.607843137,
"AUS","WAGEGAP","EMPLOYEE","PC_PNT","A","1986",18.848167539,
"AUS","WAGEGAP","EMPLOYEE","PC_PNT","A","1987",18.518518519,
"AUS","WAGEGAP","EMPLOYEE","PC_PNT","A","1988",18.79350348,
"AUS","WAGEGAP","EMPLOYEE","PC_PNT","A","1989",18.58974359,
"AUS","WAGEGAP","EMPLOYEE","PC_PNT","A","1990",18.181818182,
"AUS","WAGEGAP","EMPLOYEE","PC_PNT","A","1991",16.015625,
"AUS","WAGEGAP","EMPLOYEE","PC_PNT","A","1992",14.258555133,
"AUS","WAGEGAP","EMPLOYEE","PC_PNT","A","1993",13.224637681,
"AUS","WAGEGAP","EMPLOYEE","PC_PNT","A","1994",14.409722222,
"AUS","WAGEGAP","EMPLOYEE","PC_PNT","A","1995",14.478114478,
"AUS","WAGEGAP","EMPLOYEE","PC_PNT","A","1997",15.254237288,
"AUS","WAGEGAP","EMPLOYEE","PC_PNT","A","1998",13.242009132,
"AUS","WAGEGAP","EMPLOYEE","PC_PNT","A","1999",14.285714286,
"AUS","WAGEGAP","EMPLOYEE","PC_PNT","A","2000",17.2,
"AUS","WAGEGAP","EMPLOYEE","PC_PNT","A","2001",14.342105263,
"AUS","WAGEGAP","EMPLOYEE","PC_PNT","A","2002",15,
"AUS","WAGEGAP","EMPLOYEE","PC_PNT","A","2003",13.043478261,
"AUS","WAGEGAP","EMPLOYEE","PC_PNT","A","2004",14.352941176,
"AUS","WAGEGAP","EMPLOYEE","PC_PNT","A","2005",15.777777778,
"AUS","WAGEGAP","EMPLOYEE","PC_PNT","A","2006",16.666666667,
"AUS","WAGEGAP","EMPLOYEE","PC_PNT","A","2007",15.4,
"AUS","WAGEGAP","EMPLOYEE","PC_PNT","A","2008",11.937377691,
"AUS","WAGEGAP","EMPLOYEE","PC_PNT","A","2009",16.363636364,
"AUS","WAGEGAP","EMPLOYEE","PC_PNT","A","2010",14.04293381,
"AUS","WAGEGAP","EMPLOYEE","PC_PNT","A","2011",15.966386555,
"AUS","WAGEGAP","EMPLOYEE","PC_PNT","A","2012",13.75,
"AUS","WAGEGAP","EMPLOYEE","PC_PNT","A","2013",18,
"AUS","WAGEGAP","EMPLOYEE","PC_PNT","A","2014",15.384615385,
"AUS","WAGEGAP","EMPLOYEE","PC_PNT","A","2015",13,
"AUS","WAGEGAP","EMPLOYEE","PC_PNT","A","2016",14.286310555,
"AUT","WAGEGAP","SELFEMPLOYED","PC_PNT","A","2003",51.79602,
"AUT","WAGEGAP","SELFEMPLOYED","PC_PNT","A","2004",49.96608,
"AUT","WAGEGAP","SELFEMPLOYED","PC_PNT","A","2005",49.89719,
"AUT","WAGEGAP","SELFEMPLOYED","PC_PNT","A","2006",47.26454,
"AUT","WAGEGAP","SELFEMPLOYED","PC_PNT","A","2007",48.46805,
"AUT","WAGEGAP","SELFEMPLOYED","PC_PNT","A","2008",48.6041,
"AUT","WAGEGAP","SELFEMPLOYED","PC_PNT","A","2009",46.53011,
"AUT","WAGEGAP","SELFEMPLOYED","PC_PNT","A","2010",45.36216,
"AUT","WAGEGAP","SELFEMPLOYED","PC_PNT","A","2011",44.05812,
"AUT","WAGEGAP","SELFEMPLOYED","PC_PNT","A","2012",45.36977,
"AUT","WAGEGAP","SELFEMPLOYED","PC_PNT","A","2013",46.31815,
"AUT","WAGEGAP","SELFEMPLOYED","PC_PNT","A","2014",48.71697,
"AUT","WAGEGAP","SELFEMPLOYED","PC_PNT","A","2015",50.4062,
"AUT","WAGEGAP","EMPLOYEE","PC_PNT","A","2000",23.141943088,
"AUT","WAGEGAP","EMPLOYEE","PC_PNT","A","2001",22.801817823,
"AUT","WAGEGAP","EMPLOYEE","PC_PNT","A","2002",24.48922362,
"AUT","WAGEGAP","EMPLOYEE","PC_PNT","A","2003",21.136921977,
"AUT","WAGEGAP","EMPLOYEE","PC_PNT","A","2004",22.430792158,
"AUT","WAGEGAP","EMPLOYEE","PC_PNT","A","2005",22.032085753,
"AUT","WAGEGAP","EMPLOYEE","PC_PNT","A","2006",21.855130427,
"AUT","WAGEGAP","EMPLOYEE","PC_PNT","A","2007",21.634276366,
"AUT","WAGEGAP","EMPLOYEE","PC_PNT","A","2008",20.917320274,
"AUT","WAGEGAP","EMPLOYEE","PC_PNT","A","2009",19.355965917,
"AUT","WAGEGAP","EMPLOYEE","PC_PNT","A","2010",19.188862682,
"AUT","WAGEGAP","EMPLOYEE","PC_PNT","A","2011",18.550554118,
"AUT","WAGEGAP","EMPLOYEE","PC_PNT","A","2012",18.185056843,
"AUT","WAGEGAP","EMPLOYEE","PC_PNT","A","2013",18.053211411,
"AUT","WAGEGAP","EMPLOYEE","PC_PNT","A","2014",17.728884245,
"AUT","WAGEGAP","EMPLOYEE","PC_PNT","A","2015",17.04325299,
"AUT","WAGEGAP","EMPLOYEE","PC_PNT","A","2016",15.670899643,
"BEL","WAGEGAP","SELFEMPLOYED","PC_PNT","A","2003",42.56759,
"BEL","WAGEGAP","SELFEMPLOYED","PC_PNT","A","2004",44.53978,
"BEL","WAGEGAP","SELFEMPLOYED","PC_PNT","A","2005",46.87301,
"BEL","WAGEGAP","SELFEMPLOYED","PC_PNT","A","2006",45.03699,
"BEL","WAGEGAP","SELFEMPLOYED","PC_PNT","A","2007",41.82096,
"BEL","WAGEGAP","SELFEMPLOYED","PC_PNT","A","2008",35.68279,
"BEL","WAGEGAP","SELFEMPLOYED","PC_PNT","A","2009",32.34275,
"BEL","WAGEGAP","SELFEMPLOYED","PC_PNT","A","2010",30.24335,
"BEL","WAGEGAP","SELFEMPLOYED","PC_PNT","A","2011",32.93945,
"BEL","WAGEGAP","SELFEMPLOYED","PC_PNT","A","2012",34.08842,
"BEL","WAGEGAP","SELFEMPLOYED","PC_PNT","A","2013",32.97846,
"BEL","WAGEGAP","SELFEMPLOYED","PC_PNT","A","2014",31.62509,
"BEL","WAGEGAP","SELFEMPLOYED","PC_PNT","A","2015",29.90848,
"BEL","WAGEGAP","EMPLOYEE","PC_PNT","A","1999",15.182987141,
"BEL","WAGEGAP","EMPLOYEE","PC_PNT","A","2000",13.599231139,
"BEL","WAGEGAP","EMPLOYEE","PC_PNT","A","2001",13.186813187,
"BEL","WAGEGAP","EMPLOYEE","PC_PNT","A","2002",11.604714415,
"BEL","WAGEGAP","EMPLOYEE","PC_PNT","A","2003",15.205183585,
"BEL","WAGEGAP","EMPLOYEE","PC_PNT","A","2004",11.832061069,
"BEL","WAGEGAP","EMPLOYEE","PC_PNT","A","2005",11.511092507,
"BEL","WAGEGAP","EMPLOYEE","PC_PNT","A","2006",10.253267974,
"BEL","WAGEGAP","EMPLOYEE","PC_PNT","A","2007",9.8736176935,
"BEL","WAGEGAP","EMPLOYEE","PC_PNT","A","2008",8.9157536834,
"BEL","WAGEGAP","EMPLOYEE","PC_PNT","A","2009",7.4804614812,
"BEL","WAGEGAP","EMPLOYEE","PC_PNT","A","2010",7.0437956204,
"BEL","WAGEGAP","EMPLOYEE","PC_PNT","A","2011",5.8381088825,
"BEL","WAGEGAP","EMPLOYEE","PC_PNT","A","2012",6.4111498258,
"BEL","WAGEGAP","EMPLOYEE","PC_PNT","A","2013",5.9128630705,
"BEL","WAGEGAP","EMPLOYEE","PC_PNT","A","2014",3.2989003665,
"BEL","WAGEGAP","EMPLOYEE","PC_PNT","A","2015",4.672,
"CAN","WAGEGAP","SELFEMPLOYED","PC_PNT","A","2006",41.07579,
"CAN","WAGEGAP","SELFEMPLOYED","PC_PNT","A","2007",44.3128,
"CAN","WAGEGAP","SELFEMPLOYED","PC_PNT","A","2008",46.34655,
"CAN","WAGEGAP","SELFEMPLOYED","PC_PNT","A","2009",42.10526,
"CAN","WAGEGAP","SELFEMPLOYED","PC_PNT","A","2010",42.85714,
"CAN","WAGEGAP","SELFEMPLOYED","PC_PNT","A","2011",50.1199,
"CAN","WAGEGAP","SELFEMPLOYED","PC_PNT","A","2012",38.88889,
"CAN","WAGEGAP","SELFEMPLOYED","PC_PNT","A","2013",43.25,
"CAN","WAGEGAP","SELFEMPLOYED","PC_PNT","A","2014",40.65657,
"CAN","WAGEGAP","EMPLOYEE","PC_PNT","A","1997",24.705882353,
"CAN","WAGEGAP","EMPLOYEE","PC_PNT","A","1998",24.855491329,
"CAN","WAGEGAP","EMPLOYEE","PC_PNT","A","1999",24,
"CAN","WAGEGAP","EMPLOYEE","PC_PNT","A","2000",23.875,
"CAN","WAGEGAP","EMPLOYEE","PC_PNT","A","2001",24.324579125,
"CAN","WAGEGAP","EMPLOYEE","PC_PNT","A","2002",24.013157895,
"CAN","WAGEGAP","EMPLOYEE","PC_PNT","A","2003",22.502340337,
"CAN","WAGEGAP","EMPLOYEE","PC_PNT","A","2004",22.717948718,
"CAN","WAGEGAP","EMPLOYEE","PC_PNT","A","2005",21.25,
"CAN","WAGEGAP","EMPLOYEE","PC_PNT","A","2006",21.123321123,
"CAN","WAGEGAP","EMPLOYEE","PC_PNT","A","2007",20.808235294,
"CAN","WAGEGAP","EMPLOYEE","PC_PNT","A","2008",20.454545455,
"CAN","WAGEGAP","EMPLOYEE","PC_PNT","A","2009",20.131868132,
"CAN","WAGEGAP","EMPLOYEE","PC_PNT","A","2010",18.977469671,
"CAN","WAGEGAP","EMPLOYEE","PC_PNT","A","2011",19.175531915,
"CAN","WAGEGAP","EMPLOYEE","PC_PNT","A","2012",19.511231281,
"CAN","WAGEGAP","EMPLOYEE","PC_PNT","A","2013",19.30323498,
"CAN","WAGEGAP","EMPLOYEE","PC_PNT","A","2014",19.229,
"CAN","WAGEGAP","EMPLOYEE","PC_PNT","A","2015",18.62745098,
"CAN","WAGEGAP","EMPLOYEE","PC_PNT","A","2016",18.221153846,
"CZE","WAGEGAP","SELFEMPLOYED","PC_PNT","A","2004",32.04642,
"CZE","WAGEGAP","SELFEMPLOYED","PC_PNT","A","2005",30.81534,
"CZE","WAGEGAP","SELFEMPLOYED","PC_PNT","A","2006",28.94941,
"CZE","WAGEGAP","SELFEMPLOYED","PC_PNT","A","2007",29.35613,
"CZE","WAGEGAP","SELFEMPLOYED","PC_PNT","A","2008",29.20801,
"CZE","WAGEGAP","SELFEMPLOYED","PC_PNT","A","2009",29.65451,
"CZE","WAGEGAP","SELFEMPLOYED","PC_PNT","A","2010",29.79796,
"CZE","WAGEGAP","SELFEMPLOYED","PC_PNT","A","2011",31.07323,
"CZE","WAGEGAP","SELFEMPLOYED","PC_PNT","A","2012",31.23534,
"CZE","WAGEGAP","SELFEMPLOYED","PC_PNT","A","2013",29.83841,
"CZE","WAGEGAP","SELFEMPLOYED","PC_PNT","A","2014",29.45222,
"CZE","WAGEGAP","SELFEMPLOYED","PC_PNT","A","2015",29.65672,
"CZE","WAGEGAP","EMPLOYEE","PC_PNT","A","1996",18.289856235,
"CZE","WAGEGAP","EMPLOYEE","PC_PNT","A","1997",18.429043742,
"CZE","WAGEGAP","EMPLOYEE","PC_PNT","A","1999",19.030314257,
"CZE","WAGEGAP","EMPLOYEE","PC_PNT","A","2001",16.876621646,
"CZE","WAGEGAP","EMPLOYEE","PC_PNT","A","2002",15.95069783,
"CZE","WAGEGAP","EMPLOYEE","PC_PNT","A","2003",15.637497318,
"CZE","WAGEGAP","EMPLOYEE","PC_PNT","A","2004",16.14681968,
"CZE","WAGEGAP","EMPLOYEE","PC_PNT","A","2005",15.93892946,
"CZE","WAGEGAP","EMPLOYEE","PC_PNT","A","2006",15.351766206,
"CZE","WAGEGAP","EMPLOYEE","PC_PNT","A","2007",16.931531878,
"CZE","WAGEGAP","EMPLOYEE","PC_PNT","A","2008",17.873019877,
"CZE","WAGEGAP","EMPLOYEE","PC_PNT","A","2009",15.105017965,
"CZE","WAGEGAP","EMPLOYEE","PC_PNT","A","2010",15.798503074,
"CZE","WAGEGAP","EMPLOYEE","PC_PNT","A","2011",16.329656698,
"CZE","WAGEGAP","EMPLOYEE","PC_PNT","A","2012",15.262979875,
"CZE","WAGEGAP","EMPLOYEE","PC_PNT","A","2013",15.378835316,
"CZE","WAGEGAP","EMPLOYEE","PC_PNT","A","2014",16.254560195,
"CZE","WAGEGAP","EMPLOYEE","PC_PNT","A","2015",16.455154158,
"CZE","WAGEGAP","EMPLOYEE","PC_PNT","A","2016",16.023430838,
"CZE","WAGEGAP","EMPLOYEE","PC_PNT","A","2017",15.614010894,
"DNK","WAGEGAP","EMPLOYEE","PC_PNT","A","2002",10.797075707,
"DNK","WAGEGAP","EMPLOYEE","PC_PNT","A","2003",9.9218040939,
"DNK","WAGEGAP","EMPLOYEE","PC_PNT","A","2004",10.182205379,
"DNK","WAGEGAP","EMPLOYEE","PC_PNT","A","2005",10.167330438,
"DNK","WAGEGAP","EMPLOYEE","PC_PNT","A","2006",10.172061258,
"DNK","WAGEGAP","EMPLOYEE","PC_PNT","A","2007",9.8502979507,
"DNK","WAGEGAP","EMPLOYEE","PC_PNT","A","2008",10.183549034,
"DNK","WAGEGAP","EMPLOYEE","PC_PNT","A","2009",10.172005061,
"DNK","WAGEGAP","EMPLOYEE","PC_PNT","A","2010",8.895098479,
"DNK","WAGEGAP","EMPLOYEE","PC_PNT","A","2011",7.9471972536,
"DNK","WAGEGAP","EMPLOYEE","PC_PNT","A","2012",6.9998448762,
"DNK","WAGEGAP","EMPLOYEE","PC_PNT","A","2013",6.7689119452,
"DNK","WAGEGAP","EMPLOYEE","PC_PNT","A","2014",6.3238656948,
"DNK","WAGEGAP","EMPLOYEE","PC_PNT","A","2015",5.8360481128,
"DNK","WAGEGAP","EMPLOYEE","PC_PNT","A","2016",5.7326280384,
"FIN","WAGEGAP","SELFEMPLOYED","PC_PNT","A","2003",32.75016,
"FIN","WAGEGAP","SELFEMPLOYED","PC_PNT","A","2004",35.39674,
"FIN","WAGEGAP","SELFEMPLOYED","PC_PNT","A","2005",41.99132,
"FIN","WAGEGAP","SELFEMPLOYED","PC_PNT","A","2006",39.51994,
"FIN","WAGEGAP","SELFEMPLOYED","PC_PNT","A","2007",39.91036,
"FIN","WAGEGAP","SELFEMPLOYED","PC_PNT","A","2008",36.90219,
"FIN","WAGEGAP","SELFEMPLOYED","PC_PNT","A","2009",35.94009,
"FIN","WAGEGAP","SELFEMPLOYED","PC_PNT","A","2010",33.25019,
"FIN","WAGEGAP","SELFEMPLOYED","PC_PNT","A","2011",34.80308,
"FIN","WAGEGAP","SELFEMPLOYED","PC_PNT","A","2012",34.58148,
"FIN","WAGEGAP","SELFEMPLOYED","PC_PNT","A","2013",30.31512,
"FIN","WAGEGAP","SELFEMPLOYED","PC_PNT","A","2014",25.81994,
"FIN","WAGEGAP","SELFEMPLOYED","PC_PNT","A","2015",22.40876,
"FIN","WAGEGAP","EMPLOYEE","PC_PNT","A","1977",27.69040181,
"FIN","WAGEGAP","EMPLOYEE","PC_PNT","A","1978",27.088607595,
"FIN","WAGEGAP","EMPLOYEE","PC_PNT","A","1979",27.168949772,
"FIN","WAGEGAP","EMPLOYEE","PC_PNT","A","1980",26.623818677,
"FIN","WAGEGAP","EMPLOYEE","PC_PNT","A","1982",25.961538462,
"FIN","WAGEGAP","EMPLOYEE","PC_PNT","A","1983",25.631742918,
"FIN","WAGEGAP","EMPLOYEE","PC_PNT","A","1984",23.427041499,
"FIN","WAGEGAP","EMPLOYEE","PC_PNT","A","1986",22.531420386,
"FIN","WAGEGAP","EMPLOYEE","PC_PNT","A","1987",23.612840074,
"FIN","WAGEGAP","EMPLOYEE","PC_PNT","A","1988",23.045794438,
"FIN","WAGEGAP","EMPLOYEE","PC_PNT","A","1989",23.559035501,
"FIN","WAGEGAP","EMPLOYEE","PC_PNT","A","1990",22.862101997,
"FIN","WAGEGAP","EMPLOYEE","PC_PNT","A","1991",21.467746962,
"FIN","WAGEGAP","EMPLOYEE","PC_PNT","A","1992",20.284986187,
"FIN","WAGEGAP","EMPLOYEE","PC_PNT","A","1993",21.984812501,
"FIN","WAGEGAP","EMPLOYEE","PC_PNT","A","1994",23.149578754,
"FIN","WAGEGAP","EMPLOYEE","PC_PNT","A","1995",22.40219409,
"FIN","WAGEGAP","EMPLOYEE","PC_PNT","A","1996",20.582669662,
"FIN","WAGEGAP","EMPLOYEE","PC_PNT","A","1997",21.332011656,
"FIN","WAGEGAP","EMPLOYEE","PC_PNT","A","1998",20.800426409,
"FIN","WAGEGAP","EMPLOYEE","PC_PNT","A","1999",21.716236106,
"FIN","WAGEGAP","EMPLOYEE","PC_PNT","A","2000",20.427489177,
"FIN","WAGEGAP","EMPLOYEE","PC_PNT","A","2001",21.239091287,
"FIN","WAGEGAP","EMPLOYEE","PC_PNT","A","2002",20.373202814,
"FIN","WAGEGAP","EMPLOYEE","PC_PNT","A","2003",20.099255583,
"FIN","WAGEGAP","EMPLOYEE","PC_PNT","A","2004",20.015151037,
"FIN","WAGEGAP","EMPLOYEE","PC_PNT","A","2005",18.941694033,
"FIN","WAGEGAP","EMPLOYEE","PC_PNT","A","2006",19.374794537,
"FIN","WAGEGAP","EMPLOYEE","PC_PNT","A","2007",21.376904093,
"FIN","WAGEGAP","EMPLOYEE","PC_PNT","A","2008",21.233952657,
"FIN","WAGEGAP","EMPLOYEE","PC_PNT","A","2009",19.675672792,
"FIN","WAGEGAP","EMPLOYEE","PC_PNT","A","2010",18.876999846,
"FIN","WAGEGAP","EMPLOYEE","PC_PNT","A","2011",18.607617095,
"FIN","WAGEGAP","EMPLOYEE","PC_PNT","A","2012",18.726074526,
"FIN","WAGEGAP","EMPLOYEE","PC_PNT","A","2013",20.178432711,
"FIN","WAGEGAP","EMPLOYEE","PC_PNT","A","2014",19.609079445,
"FIN","WAGEGAP","EMPLOYEE","PC_PNT","A","2015",18.055981324,
"FIN","WAGEGAP","EMPLOYEE","PC_PNT","A","2016",16.47225837,
"FRA","WAGEGAP","SELFEMPLOYED","PC_PNT","A","2003",37.42921,
"FRA","WAGEGAP","SELFEMPLOYED","PC_PNT","A","2004",33.92564,
"FRA","WAGEGAP","SELFEMPLOYED","PC_PNT","A","2005",31.85082,
"FRA","WAGEGAP","SELFEMPLOYED","PC_PNT","A","2006",32.9348,
"FRA","WAGEGAP","SELFEMPLOYED","PC_PNT","A","2007",36.22705,
"FRA","WAGEGAP","SELFEMPLOYED","PC_PNT","A","2008",35.96268,
"FRA","WAGEGAP","SELFEMPLOYED","PC_PNT","A","2009",31.63296,
"FRA","WAGEGAP","SELFEMPLOYED","PC_PNT","A","2010",29.94971,
"FRA","WAGEGAP","SELFEMPLOYED","PC_PNT","A","2011",30.46352,
"FRA","WAGEGAP","SELFEMPLOYED","PC_PNT","A","2012",30.18755,
"FRA","WAGEGAP","SELFEMPLOYED","PC_PNT","A","2013",24.59713,
"FRA","WAGEGAP","SELFEMPLOYED","PC_PNT","A","2014",23.69848,
"FRA","WAGEGAP","SELFEMPLOYED","PC_PNT","A","2015",21.74623,
"FRA","WAGEGAP","EMPLOYEE","PC_PNT","A","2002",13.30472103,
"FRA","WAGEGAP","EMPLOYEE","PC_PNT","A","2006",9.3907466789,
"FRA","WAGEGAP","EMPLOYEE","PC_PNT","A","2010",9.1188075406,
"FRA","WAGEGAP","EMPLOYEE","PC_PNT","A","2014",9.8721023181,
"DEU","WAGEGAP","EMPLOYEE","PC_PNT","A","1991",30.444697834,
"DEU","WAGEGAP","EMPLOYEE","PC_PNT","A","1992",26.935449735,
"DEU","WAGEGAP","EMPLOYEE","PC_PNT","A","1993",23.017612524,
"DEU","WAGEGAP","EMPLOYEE","PC_PNT","A","1994",20.49864146,
"DEU","WAGEGAP","EMPLOYEE","PC_PNT","A","1995",19.411547002,
"DEU","WAGEGAP","EMPLOYEE","PC_PNT","A","1996",20.649557522,
"DEU","WAGEGAP","EMPLOYEE","PC_PNT","A","1997",21.409751925,
"DEU","WAGEGAP","EMPLOYEE","PC_PNT","A","1998",20.896610169,
"DEU","WAGEGAP","EMPLOYEE","PC_PNT","A","1999",20.169491525,
"DEU","WAGEGAP","EMPLOYEE","PC_PNT","A","2000",19.579030977,
"DEU","WAGEGAP","EMPLOYEE","PC_PNT","A","2001",19.105008078,
"DEU","WAGEGAP","EMPLOYEE","PC_PNT","A","2002",19.076590488,
"DEU","WAGEGAP","EMPLOYEE","PC_PNT","A","2003",19.554572271,
"DEU","WAGEGAP","EMPLOYEE","PC_PNT","A","2004",21.850217724,
"DEU","WAGEGAP","EMPLOYEE","PC_PNT","A","2005",16.347569956,
"DEU","WAGEGAP","EMPLOYEE","PC_PNT","A","2006",18.128654971,
"DEU","WAGEGAP","EMPLOYEE","PC_PNT","A","2007",16.715542522,
"DEU","WAGEGAP","EMPLOYEE","PC_PNT","A","2008",16.737517957,
"DEU","WAGEGAP","EMPLOYEE","PC_PNT","A","2009",16.524216524,
"DEU","WAGEGAP","EMPLOYEE","PC_PNT","A","2010",16.694715584,
"DEU","WAGEGAP","EMPLOYEE","PC_PNT","A","2011",16.944444444,
"DEU","WAGEGAP","EMPLOYEE","PC_PNT","A","2012",15.646258503,
"DEU","WAGEGAP","EMPLOYEE","PC_PNT","A","2013",14.065934066,
"DEU","WAGEGAP","EMPLOYEE","PC_PNT","A","2014",17.447916667,
"DEU","WAGEGAP","EMPLOYEE","PC_PNT","A","2015",15.816326531,
"DEU","WAGEGAP","EMPLOYEE","PC_PNT","A","2016",15.510718789,
"GRC","WAGEGAP","SELFEMPLOYED","PC_PNT","A","2006",41.9755,
"GRC","WAGEGAP","SELFEMPLOYED","PC_PNT","A","2007",39.18745,
"GRC","WAGEGAP","SELFEMPLOYED","PC_PNT","A","2008",38.11277,
"GRC","WAGEGAP","SELFEMPLOYED","PC_PNT","A","2009",42.14682,
"GRC","WAGEGAP","SELFEMPLOYED","PC_PNT","A","2010",44.00846,
"GRC","WAGEGAP","SELFEMPLOYED","PC_PNT","A","2011",46.3114,
"GRC","WAGEGAP","SELFEMPLOYED","PC_PNT","A","2012",39.93063,
"GRC","WAGEGAP","SELFEMPLOYED","PC_PNT","A","2013",36.72299,
"GRC","WAGEGAP","SELFEMPLOYED","PC_PNT","A","2014",34.61951,
"GRC","WAGEGAP","SELFEMPLOYED","PC_PNT","A","2015",34.77951,
"GRC","WAGEGAP","EMPLOYEE","PC_PNT","A","2004",13.875598298,
"GRC","WAGEGAP","EMPLOYEE","PC_PNT","A","2005",16.666665691,
"GRC","WAGEGAP","EMPLOYEE","PC_PNT","A","2006",11.878629486,
"GRC","WAGEGAP","EMPLOYEE","PC_PNT","A","2007",11.629049359,
"GRC","WAGEGAP","EMPLOYEE","PC_PNT","A","2008",9.5237715743,
"GRC","WAGEGAP","EMPLOYEE","PC_PNT","A","2009",9.5871657347,
"GRC","WAGEGAP","EMPLOYEE","PC_PNT","A","2010",12.172840391,
"GRC","WAGEGAP","EMPLOYEE","PC_PNT","A","2011",10.714285714,
"GRC","WAGEGAP","EMPLOYEE","PC_PNT","A","2012",6.8528027344,
"GRC","WAGEGAP","EMPLOYEE","PC_PNT","A","2013",11.273731296,
"GRC","WAGEGAP","EMPLOYEE","PC_PNT","A","2014",9.0909090909,
"GRC","WAGEGAP","EMPLOYEE","PC_PNT","A","2015",6.25,
"GRC","WAGEGAP","EMPLOYEE","PC_PNT","A","2016",4.4850498339,
"HUN","WAGEGAP","SELFEMPLOYED","PC_PNT","A","2004",29.28655,
"HUN","WAGEGAP","SELFEMPLOYED","PC_PNT","A","2005",26.6862,
"HUN","WAGEGAP","SELFEMPLOYED","PC_PNT","A","2006",26.58702,
"HUN","WAGEGAP","SELFEMPLOYED","PC_PNT","A","2007",23.90536,
"HUN","WAGEGAP","SELFEMPLOYED","PC_PNT","A","2008",27.65795,
"HUN","WAGEGAP","SELFEMPLOYED","PC_PNT","A","2009",32.13243,
"HUN","WAGEGAP","SELFEMPLOYED","PC_PNT","A","2010",34.46657,
"HUN","WAGEGAP","SELFEMPLOYED","PC_PNT","A","2011",32.55421,
"HUN","WAGEGAP","SELFEMPLOYED","PC_PNT","A","2012",25.82737,
"HUN","WAGEGAP","SELFEMPLOYED","PC_PNT","A","2013",21.61878,
"HUN","WAGEGAP","SELFEMPLOYED","PC_PNT","A","2014",18.83893,
"HUN","WAGEGAP","SELFEMPLOYED","PC_PNT","A","2015",20.58324,
"HUN","WAGEGAP","EMPLOYEE","PC_PNT","A","1989",25.979979418,
"HUN","WAGEGAP","EMPLOYEE","PC_PNT","A","1992",17.391092723,
"HUN","WAGEGAP","EMPLOYEE","PC_PNT","A","1993",7.9486289483,
"HUN","WAGEGAP","EMPLOYEE","PC_PNT","A","1994",15.181054045,
"HUN","WAGEGAP","EMPLOYEE","PC_PNT","A","1995",15.754001685,
"HUN","WAGEGAP","EMPLOYEE","PC_PNT","A","1996",17.775349235,
"HUN","WAGEGAP","EMPLOYEE","PC_PNT","A","1998",15.671892874,
"HUN","WAGEGAP","EMPLOYEE","PC_PNT","A","1999",15.30123115,
"HUN","WAGEGAP","EMPLOYEE","PC_PNT","A","2000",14.098768043,
"HUN","WAGEGAP","EMPLOYEE","PC_PNT","A","2001",13.689781486,
"HUN","WAGEGAP","EMPLOYEE","PC_PNT","A","2002",9.1297122935,
"HUN","WAGEGAP","EMPLOYEE","PC_PNT","A","2003",1.4760044902,
"HUN","WAGEGAP","EMPLOYEE","PC_PNT","A","2004",3.0343737653,
"HUN","WAGEGAP","EMPLOYEE","PC_PNT","A","2005",4.0215265743,
"HUN","WAGEGAP","EMPLOYEE","PC_PNT","A","2006",0.3843870359,
"HUN","WAGEGAP","EMPLOYEE","PC_PNT","A","2007",3.6481061267,
"HUN","WAGEGAP","EMPLOYEE","PC_PNT","A","2008",2.2206544601,
"HUN","WAGEGAP","EMPLOYEE","PC_PNT","A","2009",3.8760880696,
"HUN","WAGEGAP","EMPLOYEE","PC_PNT","A","2010",6.3817122518,
"HUN","WAGEGAP","EMPLOYEE","PC_PNT","A","2011",6.8639053254,
"HUN","WAGEGAP","EMPLOYEE","PC_PNT","A","2012",11.332462443,
"HUN","WAGEGAP","EMPLOYEE","PC_PNT","A","2013",8.7236506348,
"HUN","WAGEGAP","EMPLOYEE","PC_PNT","A","2014",3.7726055271,
"HUN","WAGEGAP","EMPLOYEE","PC_PNT","A","2015",9.5238095238,
"HUN","WAGEGAP","EMPLOYEE","PC_PNT","A","2016",9.3643171806,
"ISL","WAGEGAP","SELFEMPLOYED","PC_PNT","A","2003",44.34154,
"ISL","WAGEGAP","SELFEMPLOYED","PC_PNT","A","2004",40.79683,
"ISL","WAGEGAP","SELFEMPLOYED","PC_PNT","A","2005",34.34326,
"ISL","WAGEGAP","SELFEMPLOYED","PC_PNT","A","2006",28.28175,
"ISL","WAGEGAP","SELFEMPLOYED","PC_PNT","A","2007",24.90112,
"ISL","WAGEGAP","SELFEMPLOYED","PC_PNT","A","2008",20.50068,
"ISL","WAGEGAP","SELFEMPLOYED","PC_PNT","A","2009",15.90237,
"ISL","WAGEGAP","SELFEMPLOYED","PC_PNT","A","2010",11.35181,
"ISL","WAGEGAP","SELFEMPLOYED","PC_PNT","A","2011",17.47072,
"ISL","WAGEGAP","SELFEMPLOYED","PC_PNT","A","2012",24.54685,
"ISL","WAGEGAP","SELFEMPLOYED","PC_PNT","A","2013",25.99329,
"ISL","WAGEGAP","SELFEMPLOYED","PC_PNT","A","2014",26.35442,
"ISL","WAGEGAP","EMPLOYEE","PC_PNT","A","2004",19.225463109,
"ISL","WAGEGAP","EMPLOYEE","PC_PNT","A","2005",13.199229154,
"ISL","WAGEGAP","EMPLOYEE","PC_PNT","A","2006",12.400076757,
"ISL","WAGEGAP","EMPLOYEE","PC_PNT","A","2007",15.89033019,
"ISL","WAGEGAP","EMPLOYEE","PC_PNT","A","2008",13.328559334,
"ISL","WAGEGAP","EMPLOYEE","PC_PNT","A","2009",15.977812776,
"ISL","WAGEGAP","EMPLOYEE","PC_PNT","A","2010",14.314783611,
"ISL","WAGEGAP","EMPLOYEE","PC_PNT","A","2011",14.07981281,
"ISL","WAGEGAP","EMPLOYEE","PC_PNT","A","2013",14.527463644,
"ISL","WAGEGAP","EMPLOYEE","PC_PNT","A","2014",13.593489465,
"ISL","WAGEGAP","EMPLOYEE","PC_PNT","A","2015",9.9314033361,
"IRL","WAGEGAP","SELFEMPLOYED","PC_PNT","A","2003",25.48212,
"IRL","WAGEGAP","SELFEMPLOYED","PC_PNT","A","2004",28.41181,
"IRL","WAGEGAP","SELFEMPLOYED","PC_PNT","A","2005",28.56875,
"IRL","WAGEGAP","SELFEMPLOYED","PC_PNT","A","2006",33.64666,
"IRL","WAGEGAP","SELFEMPLOYED","PC_PNT","A","2007",29.99947,
"IRL","WAGEGAP","SELFEMPLOYED","PC_PNT","A","2008",26.54109,
"IRL","WAGEGAP","SELFEMPLOYED","PC_PNT","A","2009",19.36638,
"IRL","WAGEGAP","SELFEMPLOYED","PC_PNT","A","2010",21.43105,
"IRL","WAGEGAP","SELFEMPLOYED","PC_PNT","A","2011",23.74649,
"IRL","WAGEGAP","SELFEMPLOYED","PC_PNT","A","2012",29.4334,
"IRL","WAGEGAP","SELFEMPLOYED","PC_PNT","A","2013",33.00788,
"IRL","WAGEGAP","SELFEMPLOYED","PC_PNT","A","2014",37.08137,
"IRL","WAGEGAP","EMPLOYEE","PC_PNT","A","1994",25.182481752,
"IRL","WAGEGAP","EMPLOYEE","PC_PNT","A","1997",21.716666667,
"IRL","WAGEGAP","EMPLOYEE","PC_PNT","A","2000",19.72972973,
"IRL","WAGEGAP","EMPLOYEE","PC_PNT","A","2003",19.702836294,
"IRL","WAGEGAP","EMPLOYEE","PC_PNT","A","2004",18.230301742,
"IRL","WAGEGAP","EMPLOYEE","PC_PNT","A","2005",13.793103448,
"IRL","WAGEGAP","EMPLOYEE","PC_PNT","A","2006",14.411326861,
"IRL","WAGEGAP","EMPLOYEE","PC_PNT","A","2007",17.953447971,
"IRL","WAGEGAP","EMPLOYEE","PC_PNT","A","2008",14.964028777,
"IRL","WAGEGAP","EMPLOYEE","PC_PNT","A","2009",14.887077375,
"IRL","WAGEGAP","EMPLOYEE","PC_PNT","A","2010",12.844729883,
"IRL","WAGEGAP","EMPLOYEE","PC_PNT","A","2011",10.446852551,
"IRL","WAGEGAP","EMPLOYEE","PC_PNT","A","2012",8.5007533903,
"IRL","WAGEGAP","EMPLOYEE","PC_PNT","A","2013",12.769827795,
"IRL","WAGEGAP","EMPLOYEE","PC_PNT","A","2014",15.173428116,
"IRL","WAGEGAP","EMPLOYEE","PC_PNT","A","2015",14.448940728,
"IRL","WAGEGAP","EMPLOYEE","PC_PNT","A","2016",10.611735331,
"ITA","WAGEGAP","SELFEMPLOYED","PC_PNT","A","2006",48.01537,
"ITA","WAGEGAP","SELFEMPLOYED","PC_PNT","A","2007",48.1111,
"ITA","WAGEGAP","SELFEMPLOYED","PC_PNT","A","2008",46.70811,
"ITA","WAGEGAP","SELFEMPLOYED","PC_PNT","A","2009",49.46836,
"ITA","WAGEGAP","SELFEMPLOYED","PC_PNT","A","2010",52.61964,
"ITA","WAGEGAP","SELFEMPLOYED","PC_PNT","A","2011",55.42612,
"ITA","WAGEGAP","SELFEMPLOYED","PC_PNT","A","2012",55.89086,
"ITA","WAGEGAP","SELFEMPLOYED","PC_PNT","A","2013",53.43217,
"ITA","WAGEGAP","SELFEMPLOYED","PC_PNT","A","2014",53.98938,
"ITA","WAGEGAP","EMPLOYEE","PC_PNT","A","1986",17.24137931,
"ITA","WAGEGAP","EMPLOYEE","PC_PNT","A","1987",15.625,
"ITA","WAGEGAP","EMPLOYEE","PC_PNT","A","1989",11.11111111,
"ITA","WAGEGAP","EMPLOYEE","PC_PNT","A","1991",10,
"ITA","WAGEGAP","EMPLOYEE","PC_PNT","A","1993",11.504424779,
"ITA","WAGEGAP","EMPLOYEE","PC_PNT","A","1995",14.583333336,
"ITA","WAGEGAP","EMPLOYEE","PC_PNT","A","1998",7.6923076882,
"ITA","WAGEGAP","EMPLOYEE","PC_PNT","A","2000",8.5185185246,
"ITA","WAGEGAP","EMPLOYEE","PC_PNT","A","2002",10.344827586,
"ITA","WAGEGAP","EMPLOYEE","PC_PNT","A","2004",6.666666664,
"ITA","WAGEGAP","EMPLOYEE","PC_PNT","A","2006",7.6923076946,
"ITA","WAGEGAP","EMPLOYEE","PC_PNT","A","2008",11.764705884,
"ITA","WAGEGAP","EMPLOYEE","PC_PNT","A","2010",9.9403354745,
"ITA","WAGEGAP","EMPLOYEE","PC_PNT","A","2012",11.111111113,
"ITA","WAGEGAP","EMPLOYEE","PC_PNT","A","2014",5.5555555533,
"ITA","WAGEGAP","EMPLOYEE","PC_PNT","A","2016",5.5555555533,
"JPN","WAGEGAP","EMPLOYEE","PC_PNT","A","1975",42.389758179,
"JPN","WAGEGAP","EMPLOYEE","PC_PNT","A","1976",39.741750359,
"JPN","WAGEGAP","EMPLOYEE","PC_PNT","A","1977",40.326797386,
"JPN","WAGEGAP","EMPLOYEE","PC_PNT","A","1978",40.565457898,
"JPN","WAGEGAP","EMPLOYEE","PC_PNT","A","1979",41.313190006,
"JPN","WAGEGAP","EMPLOYEE","PC_PNT","A","1980",41.68030551,
"JPN","WAGEGAP","EMPLOYEE","PC_PNT","A","1981",41.956967213,
"JPN","WAGEGAP","EMPLOYEE","PC_PNT","A","1982",42.15925745,
"JPN","WAGEGAP","EMPLOYEE","PC_PNT","A","1983",41.903409091,
"JPN","WAGEGAP","EMPLOYEE","PC_PNT","A","1984",41.9340055,
"JPN","WAGEGAP","EMPLOYEE","PC_PNT","A","1985",41.659272405,
"JPN","WAGEGAP","EMPLOYEE","PC_PNT","A","1986",41.605524385,
"JPN","WAGEGAP","EMPLOYEE","PC_PNT","A","1987",41.226215645,
"JPN","WAGEGAP","EMPLOYEE","PC_PNT","A","1988",41.018211921,
"JPN","WAGEGAP","EMPLOYEE","PC_PNT","A","1989",40.963375796,
"JPN","WAGEGAP","EMPLOYEE","PC_PNT","A","1990",40.59893859,
"JPN","WAGEGAP","EMPLOYEE","PC_PNT","A","1991",39.898989899,
"JPN","WAGEGAP","EMPLOYEE","PC_PNT","A","1992",38.884992987,
"JPN","WAGEGAP","EMPLOYEE","PC_PNT","A","1993",38.450946644,
"JPN","WAGEGAP","EMPLOYEE","PC_PNT","A","1994",37.815975733,
"JPN","WAGEGAP","EMPLOYEE","PC_PNT","A","1995",37.090301003,
"JPN","WAGEGAP","EMPLOYEE","PC_PNT","A","1996",36.847323199,
"JPN","WAGEGAP","EMPLOYEE","PC_PNT","A","1997",36.521454307,
"JPN","WAGEGAP","EMPLOYEE","PC_PNT","A","1998",35.307666996,
"JPN","WAGEGAP","EMPLOYEE","PC_PNT","A","1999",34.550839092,
"JPN","WAGEGAP","EMPLOYEE","PC_PNT","A","2000",33.85930309,
"JPN","WAGEGAP","EMPLOYEE","PC_PNT","A","2001",33.864671438,
"JPN","WAGEGAP","EMPLOYEE","PC_PNT","A","2002",32.529722589,
"JPN","WAGEGAP","EMPLOYEE","PC_PNT","A","2003",31.997350116,
"JPN","WAGEGAP","EMPLOYEE","PC_PNT","A","2004",31.087391594,
"JPN","WAGEGAP","EMPLOYEE","PC_PNT","A","2005",32.825438887,
"JPN","WAGEGAP","EMPLOYEE","PC_PNT","A","2006",32.980832783,
"JPN","WAGEGAP","EMPLOYEE","PC_PNT","A","2007",31.742323097,
"JPN","WAGEGAP","EMPLOYEE","PC_PNT","A","2008",30.694397853,
"JPN","WAGEGAP","EMPLOYEE","PC_PNT","A","2009",28.284923928,
"JPN","WAGEGAP","EMPLOYEE","PC_PNT","A","2010",28.684300928,
"JPN","WAGEGAP","EMPLOYEE","PC_PNT","A","2011",27.395364926,
"JPN","WAGEGAP","EMPLOYEE","PC_PNT","A","2012",26.523545706,
"JPN","WAGEGAP","EMPLOYEE","PC_PNT","A","2013",26.587578507,
"JPN","WAGEGAP","EMPLOYEE","PC_PNT","A","2014",25.870989997,
"JPN","WAGEGAP","EMPLOYEE","PC_PNT","A","2015",25.731790334,
"JPN","WAGEGAP","EMPLOYEE","PC_PNT","A","2016",24.601289447,
"JPN","WAGEGAP","EMPLOYEE","PC_PNT","A","2017",24.518092661,
"KOR","WAGEGAP","EMPLOYEE","PC_PNT","A","1985",52.776235511,
"KOR","WAGEGAP","EMPLOYEE","PC_PNT","A","1992",46.965487183,
"KOR","WAGEGAP","EMPLOYEE","PC_PNT","A","1993",47.260317787,
"KOR","WAGEGAP","EMPLOYEE","PC_PNT","A","1994",45.506376315,
"KOR","WAGEGAP","EMPLOYEE","PC_PNT","A","1995",44.182205884,
"KOR","WAGEGAP","EMPLOYEE","PC_PNT","A","1996",43.282779571,
"KOR","WAGEGAP","EMPLOYEE","PC_PNT","A","1997",42.215485792,
"KOR","WAGEGAP","EMPLOYEE","PC_PNT","A","1998",42.021841969,
"KOR","WAGEGAP","EMPLOYEE","PC_PNT","A","1999",41.80339811,
"KOR","WAGEGAP","EMPLOYEE","PC_PNT","A","2000",41.654352443,
"KOR","WAGEGAP","EMPLOYEE","PC_PNT","A","2001",40.416140488,
"KOR","WAGEGAP","EMPLOYEE","PC_PNT","A","2002",41.028512789,
"KOR","WAGEGAP","EMPLOYEE","PC_PNT","A","2003",40.083154629,
"KOR","WAGEGAP","EMPLOYEE","PC_PNT","A","2004",39.623548252,
"KOR","WAGEGAP","EMPLOYEE","PC_PNT","A","2005",39.616632359,
"KOR","WAGEGAP","EMPLOYEE","PC_PNT","A","2006",39.774144311,
"KOR","WAGEGAP","EMPLOYEE","PC_PNT","A","2007",38.162064282,
"KOR","WAGEGAP","EMPLOYEE","PC_PNT","A","2008",39.037441734,
"KOR","WAGEGAP","EMPLOYEE","PC_PNT","A","2009",38.614682704,
"KOR","WAGEGAP","EMPLOYEE","PC_PNT","A","2010",39.605857342,
"KOR","WAGEGAP","EMPLOYEE","PC_PNT","A","2011",36.5642295,
"KOR","WAGEGAP","EMPLOYEE","PC_PNT","A","2012",36.298529966,
"KOR","WAGEGAP","EMPLOYEE","PC_PNT","A","2013",36.599634369,
"KOR","WAGEGAP","EMPLOYEE","PC_PNT","A","2014",36.653176139,
"KOR","WAGEGAP","EMPLOYEE","PC_PNT","A","2015",37.176281754,
"KOR","WAGEGAP","EMPLOYEE","PC_PNT","A","2016",36.666666667,
"KOR","WAGEGAP","EMPLOYEE","PC_PNT","A","2017",34.617382557,
"LUX","WAGEGAP","SELFEMPLOYED","PC_PNT","A","2003",46.46175,
"LUX","WAGEGAP","SELFEMPLOYED","PC_PNT","A","2004",45.35271,
"LUX","WAGEGAP","SELFEMPLOYED","PC_PNT","A","2005",37.06576,
"LUX","WAGEGAP","SELFEMPLOYED","PC_PNT","A","2006",42.77447,
"LUX","WAGEGAP","SELFEMPLOYED","PC_PNT","A","2007",45.74539,
"LUX","WAGEGAP","SELFEMPLOYED","PC_PNT","A","2008",44.4756,
"LUX","WAGEGAP","SELFEMPLOYED","PC_PNT","A","2009",36.78249,
"LUX","WAGEGAP","SELFEMPLOYED","PC_PNT","A","2010",25.90634,
"LUX","WAGEGAP","SELFEMPLOYED","PC_PNT","A","2011",22.90961,
"LUX","WAGEGAP","SELFEMPLOYED","PC_PNT","A","2012",16.37855,
"LUX","WAGEGAP","SELFEMPLOYED","PC_PNT","A","2013",11.02103,
"LUX","WAGEGAP","SELFEMPLOYED","PC_PNT","A","2014",5.550138,
"LUX","WAGEGAP","EMPLOYEE","PC_PNT","A","2002",15.088529638,
"LUX","WAGEGAP","EMPLOYEE","PC_PNT","A","2006",7.6680672269,
"LUX","WAGEGAP","EMPLOYEE","PC_PNT","A","2010",4.5921644188,
"LUX","WAGEGAP","EMPLOYEE","PC_PNT","A","2014",3.4029167858,
"MEX","WAGEGAP","EMPLOYEE","PC_PNT","A","2005",16.666666667,
"MEX","WAGEGAP","EMPLOYEE","PC_PNT","A","2006",18.604651163,
"MEX","WAGEGAP","EMPLOYEE","PC_PNT","A","2007",12.5,
"MEX","WAGEGAP","EMPLOYEE","PC_PNT","A","2008",22.222222222,
"MEX","WAGEGAP","EMPLOYEE","PC_PNT","A","2009",16.666666667,
"MEX","WAGEGAP","EMPLOYEE","PC_PNT","A","2010",11.627906977,
"MEX","WAGEGAP","EMPLOYEE","PC_PNT","A","2011",10,
"MEX","WAGEGAP","EMPLOYEE","PC_PNT","A","2012",13.555555556,
"MEX","WAGEGAP","EMPLOYEE","PC_PNT","A","2013",15.433403805,
"MEX","WAGEGAP","EMPLOYEE","PC_PNT","A","2014",18.3,
"MEX","WAGEGAP","EMPLOYEE","PC_PNT","A","2015",16.666666667,
"MEX","WAGEGAP","EMPLOYEE","PC_PNT","A","2016",16.492248062,
"NLD","WAGEGAP","SELFEMPLOYED","PC_PNT","A","2004",37.01442,
"NLD","WAGEGAP","SELFEMPLOYED","PC_PNT","A","2005",38.55967,
"NLD","WAGEGAP","SELFEMPLOYED","PC_PNT","A","2006",42.26968,
"NLD","WAGEGAP","SELFEMPLOYED","PC_PNT","A","2007",44.16867,
"NLD","WAGEGAP","SELFEMPLOYED","PC_PNT","A","2008",41.46991,
"NLD","WAGEGAP","SELFEMPLOYED","PC_PNT","A","2009",35.05296,
"NLD","WAGEGAP","SELFEMPLOYED","PC_PNT","A","2010",30.3141,
"NLD","WAGEGAP","SELFEMPLOYED","PC_PNT","A","2011",27.78578,
"NLD","WAGEGAP","SELFEMPLOYED","PC_PNT","A","2012",26.04766,
"NLD","WAGEGAP","SELFEMPLOYED","PC_PNT","A","2013",22.18454,
"NLD","WAGEGAP","SELFEMPLOYED","PC_PNT","A","2014",22.8437,
"NLD","WAGEGAP","SELFEMPLOYED","PC_PNT","A","2015",23.43887,
"NLD","WAGEGAP","EMPLOYEE","PC_PNT","A","2002",16.050386022,
"NLD","WAGEGAP","EMPLOYEE","PC_PNT","A","2006",16.008064516,
"NLD","WAGEGAP","EMPLOYEE","PC_PNT","A","2010",17.88914703,
"NLD","WAGEGAP","EMPLOYEE","PC_PNT","A","2014",14.11468179,
"NZL","WAGEGAP","SELFEMPLOYED","PC_PNT","A","1998",41.25874,
"NZL","WAGEGAP","SELFEMPLOYED","PC_PNT","A","1999",39.80355,
"NZL","WAGEGAP","SELFEMPLOYED","PC_PNT","A","2000",35.60338,
"NZL","WAGEGAP","SELFEMPLOYED","PC_PNT","A","2001",30.16353,
"NZL","WAGEGAP","SELFEMPLOYED","PC_PNT","A","2002",27.87761,
"NZL","WAGEGAP","SELFEMPLOYED","PC_PNT","A","2003",29.46861,
"NZL","WAGEGAP","SELFEMPLOYED","PC_PNT","A","2004",33.1731,
"NZL","WAGEGAP","SELFEMPLOYED","PC_PNT","A","2005",35.44793,
"NZL","WAGEGAP","SELFEMPLOYED","PC_PNT","A","2006",33.9988,
"NZL","WAGEGAP","SELFEMPLOYED","PC_PNT","A","2007",36.16145,
"NZL","WAGEGAP","SELFEMPLOYED","PC_PNT","A","2008",34.68623,
"NZL","WAGEGAP","SELFEMPLOYED","PC_PNT","A","2009",35.24718,
"NZL","WAGEGAP","SELFEMPLOYED","PC_PNT","A","2010",34.14882,
"NZL","WAGEGAP","SELFEMPLOYED","PC_PNT","A","2011",31.6638,
"NZL","WAGEGAP","SELFEMPLOYED","PC_PNT","A","2012",32.36124,
"NZL","WAGEGAP","SELFEMPLOYED","PC_PNT","A","2013",32.61223,
"NZL","WAGEGAP","SELFEMPLOYED","PC_PNT","A","2014",36.85513,
"NZL","WAGEGAP","SELFEMPLOYED","PC_PNT","A","2015",38.15081,
"NZL","WAGEGAP","EMPLOYEE","PC_PNT","A","1984",21.474652004,
"NZL","WAGEGAP","EMPLOYEE","PC_PNT","A","1986",23.014998739,
"NZL","WAGEGAP","EMPLOYEE","PC_PNT","A","1988",20.289233742,
"NZL","WAGEGAP","EMPLOYEE","PC_PNT","A","1990",17.111123524,
"NZL","WAGEGAP","EMPLOYEE","PC_PNT","A","1992",15.57156471,
"NZL","WAGEGAP","EMPLOYEE","PC_PNT","A","1994",13.302432435,
"NZL","WAGEGAP","EMPLOYEE","PC_PNT","A","1995",13.68282986,
"NZL","WAGEGAP","EMPLOYEE","PC_PNT","A","1996",20.394885993,
"NZL","WAGEGAP","EMPLOYEE","PC_PNT","A","1997",12.709497164,
"NZL","WAGEGAP","EMPLOYEE","PC_PNT","A","1998",11.4,
"NZL","WAGEGAP","EMPLOYEE","PC_PNT","A","1999",8.3333333333,
"NZL","WAGEGAP","EMPLOYEE","PC_PNT","A","2000",7.1665560717,
"NZL","WAGEGAP","EMPLOYEE","PC_PNT","A","2001",8.0562659847,
"NZL","WAGEGAP","EMPLOYEE","PC_PNT","A","2002",7.3125,
"NZL","WAGEGAP","EMPLOYEE","PC_PNT","A","2003",7.6923076923,
"NZL","WAGEGAP","EMPLOYEE","PC_PNT","A","2004",8.0766995933,
"NZL","WAGEGAP","EMPLOYEE","PC_PNT","A","2005",9.6111111111,
"NZL","WAGEGAP","EMPLOYEE","PC_PNT","A","2006",9.3333333333,
"NZL","WAGEGAP","EMPLOYEE","PC_PNT","A","2007",7.1428571429,
"NZL","WAGEGAP","EMPLOYEE","PC_PNT","A","2008",8.0536912752,
"NZL","WAGEGAP","EMPLOYEE","PC_PNT","A","2009",8.7591240876,
"NZL","WAGEGAP","EMPLOYEE","PC_PNT","A","2010",7.0112359551,
"NZL","WAGEGAP","EMPLOYEE","PC_PNT","A","2011",4.5333333333,
"NZL","WAGEGAP","EMPLOYEE","PC_PNT","A","2012",5.9079061685,
"NZL","WAGEGAP","EMPLOYEE","PC_PNT","A","2013",6.5943238731,
"NZL","WAGEGAP","EMPLOYEE","PC_PNT","A","2014",6.0833333333,
"NZL","WAGEGAP","EMPLOYEE","PC_PNT","A","2015",7.92,
"NZL","WAGEGAP","EMPLOYEE","PC_PNT","A","2016",7.7692307692,
"NZL","WAGEGAP","EMPLOYEE","PC_PNT","A","2017",7.1508379888,
"NOR","WAGEGAP","SELFEMPLOYED","PC_PNT","A","2003",32.32259,
"NOR","WAGEGAP","SELFEMPLOYED","PC_PNT","A","2004",32.48557,
"NOR","WAGEGAP","SELFEMPLOYED","PC_PNT","A","2005",30.87852,
"NOR","WAGEGAP","SELFEMPLOYED","PC_PNT","A","2006",27.91964,
"NOR","WAGEGAP","SELFEMPLOYED","PC_PNT","A","2007",26.36008,
"NOR","WAGEGAP","SELFEMPLOYED","PC_PNT","A","2008",28.09613,
"NOR","WAGEGAP","SELFEMPLOYED","PC_PNT","A","2009",28.10398,
"NOR","WAGEGAP","SELFEMPLOYED","PC_PNT","A","2010",26.65663,
"NOR","WAGEGAP","SELFEMPLOYED","PC_PNT","A","2011",25.35114,
"NOR","WAGEGAP","SELFEMPLOYED","PC_PNT","A","2012",18.6766,
"NOR","WAGEGAP","SELFEMPLOYED","PC_PNT","A","2013",18.54118,
"NOR","WAGEGAP","SELFEMPLOYED","PC_PNT","A","2014",17.39385,
"NOR","WAGEGAP","SELFEMPLOYED","PC_PNT","A","2015",24.01694,
"NOR","WAGEGAP","EMPLOYEE","PC_PNT","A","1997",10.066471683,
"NOR","WAGEGAP","EMPLOYEE","PC_PNT","A","1998",10.08034702,
"NOR","WAGEGAP","EMPLOYEE","PC_PNT","A","1999",10.140724541,
"NOR","WAGEGAP","EMPLOYEE","PC_PNT","A","2000",10.188542422,
"NOR","WAGEGAP","EMPLOYEE","PC_PNT","A","2001",10.742867084,
"NOR","WAGEGAP","EMPLOYEE","PC_PNT","A","2002",10.681873927,
"NOR","WAGEGAP","EMPLOYEE","PC_PNT","A","2003",10.211701156,
"NOR","WAGEGAP","EMPLOYEE","PC_PNT","A","2004",9.7057919803,
"NOR","WAGEGAP","EMPLOYEE","PC_PNT","A","2005",9.3885160328,
"NOR","WAGEGAP","EMPLOYEE","PC_PNT","A","2006",9.1624347329,
"NOR","WAGEGAP","EMPLOYEE","PC_PNT","A","2007",9.8311482592,
"NOR","WAGEGAP","EMPLOYEE","PC_PNT","A","2008",9.2356687898,
"NOR","WAGEGAP","EMPLOYEE","PC_PNT","A","2009",8.6687306502,
"NOR","WAGEGAP","EMPLOYEE","PC_PNT","A","2010",8.0597014925,
"NOR","WAGEGAP","EMPLOYEE","PC_PNT","A","2011",7.7809798271,
"NOR","WAGEGAP","EMPLOYEE","PC_PNT","A","2012",6.4066852368,
"NOR","WAGEGAP","EMPLOYEE","PC_PNT","A","2013",7.0080862534,
"NOR","WAGEGAP","EMPLOYEE","PC_PNT","A","2014",6.2827225131,
"NOR","WAGEGAP","EMPLOYEE","PC_PNT","A","2015",7.1246819338,
"POL","WAGEGAP","SELFEMPLOYED","PC_PNT","A","2004",53.69145,
"POL","WAGEGAP","SELFEMPLOYED","PC_PNT","A","2005",54.65533,
"POL","WAGEGAP","SELFEMPLOYED","PC_PNT","A","2006",53.15017,
"POL","WAGEGAP","SELFEMPLOYED","PC_PNT","A","2007",56.82786,
"POL","WAGEGAP","SELFEMPLOYED","PC_PNT","A","2008",58.06636,
"POL","WAGEGAP","SELFEMPLOYED","PC_PNT","A","2009",61.635,
"POL","WAGEGAP","SELFEMPLOYED","PC_PNT","A","2010",61.63191,
"POL","WAGEGAP","SELFEMPLOYED","PC_PNT","A","2011",61.92813,
"POL","WAGEGAP","SELFEMPLOYED","PC_PNT","A","2012",61.23438,
"POL","WAGEGAP","SELFEMPLOYED","PC_PNT","A","2013",60.21186,
"POL","WAGEGAP","SELFEMPLOYED","PC_PNT","A","2014",58.68842,
"POL","WAGEGAP","SELFEMPLOYED","PC_PNT","A","2015",58.04454,
"POL","WAGEGAP","EMPLOYEE","PC_PNT","A","1991",20.148817179,
"POL","WAGEGAP","EMPLOYEE","PC_PNT","A","1992",17.247705062,
"POL","WAGEGAP","EMPLOYEE","PC_PNT","A","1993",20.028668251,
"POL","WAGEGAP","EMPLOYEE","PC_PNT","A","1994",18.853943975,
"POL","WAGEGAP","EMPLOYEE","PC_PNT","A","1995",20.104613517,
"POL","WAGEGAP","EMPLOYEE","PC_PNT","A","1996",20.465695126,
"POL","WAGEGAP","EMPLOYEE","PC_PNT","A","1997",18.568771518,
"POL","WAGEGAP","EMPLOYEE","PC_PNT","A","1998",19.107622599,
"POL","WAGEGAP","EMPLOYEE","PC_PNT","A","1999",17.559320693,
"POL","WAGEGAP","EMPLOYEE","PC_PNT","A","2001",14.299742455,
"POL","WAGEGAP","EMPLOYEE","PC_PNT","A","2002",11.315955411,
"POL","WAGEGAP","EMPLOYEE","PC_PNT","A","2004",10.638848907,
"POL","WAGEGAP","EMPLOYEE","PC_PNT","A","2006",11.440420483,
"POL","WAGEGAP","EMPLOYEE","PC_PNT","A","2008",12.993822243,
"POL","WAGEGAP","EMPLOYEE","PC_PNT","A","2010",7.1902070437,
"POL","WAGEGAP","EMPLOYEE","PC_PNT","A","2012",10.620155274,
"POL","WAGEGAP","EMPLOYEE","PC_PNT","A","2014",11.07286288,
"POL","WAGEGAP","EMPLOYEE","PC_PNT","A","2016",9.4178809362,
"PRT","WAGEGAP","SELFEMPLOYED","PC_PNT","A","2006",62.25012,
"PRT","WAGEGAP","SELFEMPLOYED","PC_PNT","A","2007",60.9224,
"PRT","WAGEGAP","SELFEMPLOYED","PC_PNT","A","2008",60.39191,
"PRT","WAGEGAP","SELFEMPLOYED","PC_PNT","A","2009",58.3902,
"PRT","WAGEGAP","SELFEMPLOYED","PC_PNT","A","2010",59.24472,
"PRT","WAGEGAP","SELFEMPLOYED","PC_PNT","A","2011",58.69573,
"PRT","WAGEGAP","SELFEMPLOYED","PC_PNT","A","2012",54.43711,
"PRT","WAGEGAP","SELFEMPLOYED","PC_PNT","A","2013",47.00924,
"PRT","WAGEGAP","SELFEMPLOYED","PC_PNT","A","2014",40.36808,
"PRT","WAGEGAP","SELFEMPLOYED","PC_PNT","A","2015",39.45394,
"PRT","WAGEGAP","EMPLOYEE","PC_PNT","A","2004",13.030303516,
"PRT","WAGEGAP","EMPLOYEE","PC_PNT","A","2005",15.966388101,
"PRT","WAGEGAP","EMPLOYEE","PC_PNT","A","2006",14.354839495,
"PRT","WAGEGAP","EMPLOYEE","PC_PNT","A","2007",15.277779722,
"PRT","WAGEGAP","EMPLOYEE","PC_PNT","A","2008",15.63548277,
"PRT","WAGEGAP","EMPLOYEE","PC_PNT","A","2009",13.792500584,
"PRT","WAGEGAP","EMPLOYEE","PC_PNT","A","2010",13.450867734,
"PRT","WAGEGAP","EMPLOYEE","PC_PNT","A","2011",15.248122552,
"PRT","WAGEGAP","EMPLOYEE","PC_PNT","A","2012",16.315464897,
"PRT","WAGEGAP","EMPLOYEE","PC_PNT","A","2013",16.666666667,
"PRT","WAGEGAP","EMPLOYEE","PC_PNT","A","2014",18.879690138,
"PRT","WAGEGAP","EMPLOYEE","PC_PNT","A","2015",18.917016404,
"PRT","WAGEGAP","EMPLOYEE","PC_PNT","A","2016",14.285714286,
"SVK","WAGEGAP","SELFEMPLOYED","PC_PNT","A","2004",21.46562,
"SVK","WAGEGAP","SELFEMPLOYED","PC_PNT","A","2005",19.86987,
"SVK","WAGEGAP","SELFEMPLOYED","PC_PNT","A","2006",23.73948,
"SVK","WAGEGAP","SELFEMPLOYED","PC_PNT","A","2007",26.85341,
"SVK","WAGEGAP","SELFEMPLOYED","PC_PNT","A","2008",29.88481,
"SVK","WAGEGAP","SELFEMPLOYED","PC_PNT","A","2009",31.57912,
"SVK","WAGEGAP","SELFEMPLOYED","PC_PNT","A","2010",30.92767,
"SVK","WAGEGAP","SELFEMPLOYED","PC_PNT","A","2011",32.20732,
"SVK","WAGEGAP","SELFEMPLOYED","PC_PNT","A","2012",32.33683,
"SVK","WAGEGAP","SELFEMPLOYED","PC_PNT","A","2013",35.46737,
"SVK","WAGEGAP","SELFEMPLOYED","PC_PNT","A","2014",31.51595,
"SVK","WAGEGAP","SELFEMPLOYED","PC_PNT","A","2015",30.09159,
"SVK","WAGEGAP","EMPLOYEE","PC_PNT","A","2002",20.355160932,
"SVK","WAGEGAP","EMPLOYEE","PC_PNT","A","2003",20.689655172,
"SVK","WAGEGAP","EMPLOYEE","PC_PNT","A","2004",20.88376561,
"SVK","WAGEGAP","EMPLOYEE","PC_PNT","A","2005",20.099255583,
"SVK","WAGEGAP","EMPLOYEE","PC_PNT","A","2006",17.802768166,
"SVK","WAGEGAP","EMPLOYEE","PC_PNT","A","2007",17.521704815,
"SVK","WAGEGAP","EMPLOYEE","PC_PNT","A","2008",16.444769568,
"SVK","WAGEGAP","EMPLOYEE","PC_PNT","A","2009",16.432721259,
"SVK","WAGEGAP","EMPLOYEE","PC_PNT","A","2010",14.851117649,
"SVK","WAGEGAP","EMPLOYEE","PC_PNT","A","2011",15.449856429,
"SVK","WAGEGAP","EMPLOYEE","PC_PNT","A","2012",15.965269161,
"SVK","WAGEGAP","EMPLOYEE","PC_PNT","A","2013",14.109329757,
"SVK","WAGEGAP","EMPLOYEE","PC_PNT","A","2014",14.350047529,
"SVK","WAGEGAP","EMPLOYEE","PC_PNT","A","2015",13.376624885,
"SVK","WAGEGAP","EMPLOYEE","PC_PNT","A","2016",13.899182143,
"SVK","WAGEGAP","EMPLOYEE","PC_PNT","A","2017",15.040042332,
"ESP","WAGEGAP","SELFEMPLOYED","PC_PNT","A","2005",38.9835,
"ESP","WAGEGAP","SELFEMPLOYED","PC_PNT","A","2006",37.54261,
"ESP","WAGEGAP","SELFEMPLOYED","PC_PNT","A","2007",36.20565,
"ESP","WAGEGAP","SELFEMPLOYED","PC_PNT","A","2008",31.65397,
"ESP","WAGEGAP","SELFEMPLOYED","PC_PNT","A","2009",29.97128,
"ESP","WAGEGAP","SELFEMPLOYED","PC_PNT","A","2010",24.73824,
"ESP","WAGEGAP","SELFEMPLOYED","PC_PNT","A","2011",23.48895,
"ESP","WAGEGAP","SELFEMPLOYED","PC_PNT","A","2012",23.03539,
"ESP","WAGEGAP","SELFEMPLOYED","PC_PNT","A","2013",24.90015,
"ESP","WAGEGAP","SELFEMPLOYED","PC_PNT","A","2014",28.5696,
"ESP","WAGEGAP","SELFEMPLOYED","PC_PNT","A","2015",28.51277,
"ESP","WAGEGAP","EMPLOYEE","PC_PNT","A","2002",17.161961367,
"ESP","WAGEGAP","EMPLOYEE","PC_PNT","A","2006",13.533333333,
"ESP","WAGEGAP","EMPLOYEE","PC_PNT","A","2010",13.504464286,
"ESP","WAGEGAP","EMPLOYEE","PC_PNT","A","2014",11.540497618,
"SWE","WAGEGAP","SELFEMPLOYED","PC_PNT","A","2003",5.566274,
"SWE","WAGEGAP","SELFEMPLOYED","PC_PNT","A","2004",13.16924,
"SWE","WAGEGAP","SELFEMPLOYED","PC_PNT","A","2005",18.08114,
"SWE","WAGEGAP","SELFEMPLOYED","PC_PNT","A","2006",19.74644,
"SWE","WAGEGAP","SELFEMPLOYED","PC_PNT","A","2007",12.05308,
"SWE","WAGEGAP","SELFEMPLOYED","PC_PNT","A","2008",9.974877,
"SWE","WAGEGAP","SELFEMPLOYED","PC_PNT","A","2009",15.58998,
"SWE","WAGEGAP","SELFEMPLOYED","PC_PNT","A","2010",17.99809,
"SWE","WAGEGAP","SELFEMPLOYED","PC_PNT","A","2011",17.93543,
"SWE","WAGEGAP","SELFEMPLOYED","PC_PNT","A","2012",12.70673,
"SWE","WAGEGAP","SELFEMPLOYED","PC_PNT","A","2013",18.77645,
"SWE","WAGEGAP","SELFEMPLOYED","PC_PNT","A","2014",16.23772,
"SWE","WAGEGAP","SELFEMPLOYED","PC_PNT","A","2015",23.17777,
"SWE","WAGEGAP","EMPLOYEE","PC_PNT","A","1975",18.269617706,
"SWE","WAGEGAP","EMPLOYEE","PC_PNT","A","1978",16.553919618,
"SWE","WAGEGAP","EMPLOYEE","PC_PNT","A","1980",12.765072765,
"SWE","WAGEGAP","EMPLOYEE","PC_PNT","A","1981",15.202702703,
"SWE","WAGEGAP","EMPLOYEE","PC_PNT","A","1982",13.591397849,
"SWE","WAGEGAP","EMPLOYEE","PC_PNT","A","1983",14.532871972,
"SWE","WAGEGAP","EMPLOYEE","PC_PNT","A","1984",15.863539446,
"SWE","WAGEGAP","EMPLOYEE","PC_PNT","A","1985",16.680814941,
"SWE","WAGEGAP","EMPLOYEE","PC_PNT","A","1986",15.080346106,
"SWE","WAGEGAP","EMPLOYEE","PC_PNT","A","1987",14.660743134,
"SWE","WAGEGAP","EMPLOYEE","PC_PNT","A","1988",17.52254018,
"SWE","WAGEGAP","EMPLOYEE","PC_PNT","A","1989",19.572553431,
"SWE","WAGEGAP","EMPLOYEE","PC_PNT","A","1990",19.037199125,
"SWE","WAGEGAP","EMPLOYEE","PC_PNT","A","1991",19.27756654,
"SWE","WAGEGAP","EMPLOYEE","PC_PNT","A","1992",19.042189282,
"SWE","WAGEGAP","EMPLOYEE","PC_PNT","A","1993",18.747598924,
"SWE","WAGEGAP","EMPLOYEE","PC_PNT","A","1994",17.230886269,
"SWE","WAGEGAP","EMPLOYEE","PC_PNT","A","1995",18.776290631,
"SWE","WAGEGAP","EMPLOYEE","PC_PNT","A","1996",16.385011021,
"SWE","WAGEGAP","EMPLOYEE","PC_PNT","A","1997",16.725978648,
"SWE","WAGEGAP","EMPLOYEE","PC_PNT","A","1998",16.958462067,
"SWE","WAGEGAP","EMPLOYEE","PC_PNT","A","1999",16.845637584,
"SWE","WAGEGAP","EMPLOYEE","PC_PNT","A","2000",15.495732108,
"SWE","WAGEGAP","EMPLOYEE","PC_PNT","A","2001",16.591494845,
"SWE","WAGEGAP","EMPLOYEE","PC_PNT","A","2002",15.857913099,
"SWE","WAGEGAP","EMPLOYEE","PC_PNT","A","2003",16.005080978,
"SWE","WAGEGAP","EMPLOYEE","PC_PNT","A","2004",15.320591862,
"SWE","WAGEGAP","EMPLOYEE","PC_PNT","A","2005",14.444111477,
"SWE","WAGEGAP","EMPLOYEE","PC_PNT","A","2006",14.589486119,
"SWE","WAGEGAP","EMPLOYEE","PC_PNT","A","2007",16.363636364,
"SWE","WAGEGAP","EMPLOYEE","PC_PNT","A","2008",15.389048991,
"SWE","WAGEGAP","EMPLOYEE","PC_PNT","A","2009",14.917436328,
"SWE","WAGEGAP","EMPLOYEE","PC_PNT","A","2010",14.321260713,
"SWE","WAGEGAP","EMPLOYEE","PC_PNT","A","2011",15.934515689,
"SWE","WAGEGAP","EMPLOYEE","PC_PNT","A","2012",15.135869565,
"SWE","WAGEGAP","EMPLOYEE","PC_PNT","A","2013",13.420490928,
"CHE","WAGEGAP","SELFEMPLOYED","PC_PNT","A","2007",58.17344,
"CHE","WAGEGAP","SELFEMPLOYED","PC_PNT","A","2008",56.09236,
"CHE","WAGEGAP","SELFEMPLOYED","PC_PNT","A","2009",51.42194,
"CHE","WAGEGAP","SELFEMPLOYED","PC_PNT","A","2010",50.67003,
"CHE","WAGEGAP","SELFEMPLOYED","PC_PNT","A","2011",49.34988,
"CHE","WAGEGAP","SELFEMPLOYED","PC_PNT","A","2012",50.09189,
"CHE","WAGEGAP","SELFEMPLOYED","PC_PNT","A","2013",44.25847,
"CHE","WAGEGAP","SELFEMPLOYED","PC_PNT","A","2014",42.33631,
"CHE","WAGEGAP","EMPLOYEE","PC_PNT","A","1996",25.472027972,
"CHE","WAGEGAP","EMPLOYEE","PC_PNT","A","1998",24.122427806,
"CHE","WAGEGAP","EMPLOYEE","PC_PNT","A","2000",23.787141178,
"CHE","WAGEGAP","EMPLOYEE","PC_PNT","A","2002",22.801619433,
"CHE","WAGEGAP","EMPLOYEE","PC_PNT","A","2004",22.012478004,
"CHE","WAGEGAP","EMPLOYEE","PC_PNT","A","2006",21.318132126,
"CHE","WAGEGAP","EMPLOYEE","PC_PNT","A","2008",21.307506053,
"CHE","WAGEGAP","EMPLOYEE","PC_PNT","A","2010",20.053595355,
"CHE","WAGEGAP","EMPLOYEE","PC_PNT","A","2012",19.343526441,
"CHE","WAGEGAP","EMPLOYEE","PC_PNT","A","2014",16.940742841,
"CHE","WAGEGAP","EMPLOYEE","PC_PNT","A","2016",14.762372073,
"TUR","WAGEGAP","EMPLOYEE","PC_PNT","A","2006",3.2069970845,
"TUR","WAGEGAP","EMPLOYEE","PC_PNT","A","2010",3.1042128603,
"TUR","WAGEGAP","EMPLOYEE","PC_PNT","A","2014",6.8825910931,
"GBR","WAGEGAP","SELFEMPLOYED","PC_PNT","A","2004",46.0362,
"GBR","WAGEGAP","SELFEMPLOYED","PC_PNT","A","2005",44.91969,
"GBR","WAGEGAP","SELFEMPLOYED","PC_PNT","A","2006",43.58445,
"GBR","WAGEGAP","SELFEMPLOYED","PC_PNT","A","2007",39.92859,
"GBR","WAGEGAP","SELFEMPLOYED","PC_PNT","A","2008",38.44081,
"GBR","WAGEGAP","SELFEMPLOYED","PC_PNT","A","2009",38.21544,
"GBR","WAGEGAP","SELFEMPLOYED","PC_PNT","A","2010",40.42116,
"GBR","WAGEGAP","SELFEMPLOYED","PC_PNT","A","2011",39.59992,
"GBR","WAGEGAP","SELFEMPLOYED","PC_PNT","A","2012",36.37662,
"GBR","WAGEGAP","SELFEMPLOYED","PC_PNT","A","2013",32.93781,
"GBR","WAGEGAP","SELFEMPLOYED","PC_PNT","A","2014",32.29988,
"GBR","WAGEGAP","SELFEMPLOYED","PC_PNT","A","2015",32.7987,
"GBR","WAGEGAP","EMPLOYEE","PC_PNT","A","1970",47.578039176,
"GBR","WAGEGAP","EMPLOYEE","PC_PNT","A","1971",45.527421847,
"GBR","WAGEGAP","EMPLOYEE","PC_PNT","A","1972",45.677794733,
"GBR","WAGEGAP","EMPLOYEE","PC_PNT","A","1973",46.378726414,
"GBR","WAGEGAP","EMPLOYEE","PC_PNT","A","1974",44.422234328,
"GBR","WAGEGAP","EMPLOYEE","PC_PNT","A","1975",39.855414721,
"GBR","WAGEGAP","EMPLOYEE","PC_PNT","A","1976",36.550301936,
"GBR","WAGEGAP","EMPLOYEE","PC_PNT","A","1977",35.78836762,
"GBR","WAGEGAP","EMPLOYEE","PC_PNT","A","1978",37.474868762,
"GBR","WAGEGAP","EMPLOYEE","PC_PNT","A","1979",38.295239524,
"GBR","WAGEGAP","EMPLOYEE","PC_PNT","A","1980",36.688585971,
"GBR","WAGEGAP","EMPLOYEE","PC_PNT","A","1981",35.426812299,
"GBR","WAGEGAP","EMPLOYEE","PC_PNT","A","1982",35.659619489,
"GBR","WAGEGAP","EMPLOYEE","PC_PNT","A","1983",34.567281919,
"GBR","WAGEGAP","EMPLOYEE","PC_PNT","A","1984",35.081526592,
"GBR","WAGEGAP","EMPLOYEE","PC_PNT","A","1985",35.120114368,
"GBR","WAGEGAP","EMPLOYEE","PC_PNT","A","1986",34.938506319,
"GBR","WAGEGAP","EMPLOYEE","PC_PNT","A","1987",34.512954388,
"GBR","WAGEGAP","EMPLOYEE","PC_PNT","A","1988",34.045729488,
"GBR","WAGEGAP","EMPLOYEE","PC_PNT","A","1989",33.730659166,
"GBR","WAGEGAP","EMPLOYEE","PC_PNT","A","1990",32.744955954,
"GBR","WAGEGAP","EMPLOYEE","PC_PNT","A","1991",31.075478051,
"GBR","WAGEGAP","EMPLOYEE","PC_PNT","A","1992",29.9466794,
"GBR","WAGEGAP","EMPLOYEE","PC_PNT","A","1993",28.719019259,
"GBR","WAGEGAP","EMPLOYEE","PC_PNT","A","1994",28.079718536,
"GBR","WAGEGAP","EMPLOYEE","PC_PNT","A","1995",28.192834913,
"GBR","WAGEGAP","EMPLOYEE","PC_PNT","A","1996",27.218410885,
"GBR","WAGEGAP","EMPLOYEE","PC_PNT","A","1997",26.919070154,
"GBR","WAGEGAP","EMPLOYEE","PC_PNT","A","1998",27.035294221,
"GBR","WAGEGAP","EMPLOYEE","PC_PNT","A","1999",26.089728423,
"GBR","WAGEGAP","EMPLOYEE","PC_PNT","A","2000",26.280313829,
"GBR","WAGEGAP","EMPLOYEE","PC_PNT","A","2001",25.639645899,
"GBR","WAGEGAP","EMPLOYEE","PC_PNT","A","2002",24.379099435,
"GBR","WAGEGAP","EMPLOYEE","PC_PNT","A","2003",24.124467087,
"GBR","WAGEGAP","EMPLOYEE","PC_PNT","A","2004",23.358740969,
"GBR","WAGEGAP","EMPLOYEE","PC_PNT","A","2005",22.0639582,
"GBR","WAGEGAP","EMPLOYEE","PC_PNT","A","2006",21.718084024,
"GBR","WAGEGAP","EMPLOYEE","PC_PNT","A","2007",21.634780707,
"GBR","WAGEGAP","EMPLOYEE","PC_PNT","A","2008",21.857869108,
"GBR","WAGEGAP","EMPLOYEE","PC_PNT","A","2009",20.686295954,
"GBR","WAGEGAP","EMPLOYEE","PC_PNT","A","2010",19.231436918,
"GBR","WAGEGAP","EMPLOYEE","PC_PNT","A","2011",18.246005203,
"GBR","WAGEGAP","EMPLOYEE","PC_PNT","A","2012",17.783882784,
"GBR","WAGEGAP","EMPLOYEE","PC_PNT","A","2013",17.482014388,
"GBR","WAGEGAP","EMPLOYEE","PC_PNT","A","2014",17.382742571,
"GBR","WAGEGAP","EMPLOYEE","PC_PNT","A","2015",17.101551481,
"GBR","WAGEGAP","EMPLOYEE","PC_PNT","A","2016",16.839736933,
"USA","WAGEGAP","SELFEMPLOYED","PC_PNT","A","2005",63.2,
"USA","WAGEGAP","SELFEMPLOYED","PC_PNT","A","2006",63,
"USA","WAGEGAP","SELFEMPLOYED","PC_PNT","A","2007",62.3,
"USA","WAGEGAP","SELFEMPLOYED","PC_PNT","A","2008",61.8,
"USA","WAGEGAP","SELFEMPLOYED","PC_PNT","A","2009",60.1,
"USA","WAGEGAP","SELFEMPLOYED","PC_PNT","A","2010",59.5,
"USA","WAGEGAP","SELFEMPLOYED","PC_PNT","A","2011",58.3,
"USA","WAGEGAP","SELFEMPLOYED","PC_PNT","A","2012",58.3,
"USA","WAGEGAP","SELFEMPLOYED","PC_PNT","A","2013",57.4,
"USA","WAGEGAP","SELFEMPLOYED","PC_PNT","A","2014",57.2,
"USA","WAGEGAP","SELFEMPLOYED","PC_PNT","A","2015",56,
"USA","WAGEGAP","SELFEMPLOYED","PC_PNT","A","2016",56,
"USA","WAGEGAP","EMPLOYEE","PC_PNT","A","1973",38.110403397,
"USA","WAGEGAP","EMPLOYEE","PC_PNT","A","1974",39.100684262,
"USA","WAGEGAP","EMPLOYEE","PC_PNT","A","1975",37.63003166,
"USA","WAGEGAP","EMPLOYEE","PC_PNT","A","1976",37.755972696,
"USA","WAGEGAP","EMPLOYEE","PC_PNT","A","1977",38.224852071,
"USA","WAGEGAP","EMPLOYEE","PC_PNT","A","1978",38.972477064,
"USA","WAGEGAP","EMPLOYEE","PC_PNT","A","1979",37.641950568,
"USA","WAGEGAP","EMPLOYEE","PC_PNT","A","1980",36.552151037,
"USA","WAGEGAP","EMPLOYEE","PC_PNT","A","1981",35.174000575,
"USA","WAGEGAP","EMPLOYEE","PC_PNT","A","1982",34.724091521,
"USA","WAGEGAP","EMPLOYEE","PC_PNT","A","1983",34.286450283,
"USA","WAGEGAP","EMPLOYEE","PC_PNT","A","1984",33.432171979,
"USA","WAGEGAP","EMPLOYEE","PC_PNT","A","1985",32.978219697,
"USA","WAGEGAP","EMPLOYEE","PC_PNT","A","1986",32.190214906,
"USA","WAGEGAP","EMPLOYEE","PC_PNT","A","1987",31.022222222,
"USA","WAGEGAP","EMPLOYEE","PC_PNT","A","1988",30.069174233,
"USA","WAGEGAP","EMPLOYEE","PC_PNT","A","1989",29.36357908,
"USA","WAGEGAP","EMPLOYEE","PC_PNT","A","1990",28.455449564,
"USA","WAGEGAP","EMPLOYEE","PC_PNT","A","1991",26.571091909,
"USA","WAGEGAP","EMPLOYEE","PC_PNT","A","1992",25.057736721,
"USA","WAGEGAP","EMPLOYEE","PC_PNT","A","1993",23.876404494,
"USA","WAGEGAP","EMPLOYEE","PC_PNT","A","1994",23.884514436,
"USA","WAGEGAP","EMPLOYEE","PC_PNT","A","1995",24.579985391,
"USA","WAGEGAP","EMPLOYEE","PC_PNT","A","1996",23.823948681,
"USA","WAGEGAP","EMPLOYEE","PC_PNT","A","1997",23.786491622,
"USA","WAGEGAP","EMPLOYEE","PC_PNT","A","1998",23.745819398,
"USA","WAGEGAP","EMPLOYEE","PC_PNT","A","1999",23.462783172,
"USA","WAGEGAP","EMPLOYEE","PC_PNT","A","2000",23.088923557,
"USA","WAGEGAP","EMPLOYEE","PC_PNT","A","2001",23.582089552,
"USA","WAGEGAP","EMPLOYEE","PC_PNT","A","2002",22.091310751,
"USA","WAGEGAP","EMPLOYEE","PC_PNT","A","2003",20.575539568,
"USA","WAGEGAP","EMPLOYEE","PC_PNT","A","2004",19.635343619,
"USA","WAGEGAP","EMPLOYEE","PC_PNT","A","2005",18.975069252,
"USA","WAGEGAP","EMPLOYEE","PC_PNT","A","2006",19.246298789,
"USA","WAGEGAP","EMPLOYEE","PC_PNT","A","2007",19.843342037,
"USA","WAGEGAP","EMPLOYEE","PC_PNT","A","2008",20.050125313,
"USA","WAGEGAP","EMPLOYEE","PC_PNT","A","2009",19.78021978,
"USA","WAGEGAP","EMPLOYEE","PC_PNT","A","2010",18.810679612,
"USA","WAGEGAP","EMPLOYEE","PC_PNT","A","2011",17.788461538,
"USA","WAGEGAP","EMPLOYEE","PC_PNT","A","2012",19.086651054,
"USA","WAGEGAP","EMPLOYEE","PC_PNT","A","2013",17.906976744,
"USA","WAGEGAP","EMPLOYEE","PC_PNT","A","2014",17.451205511,
"USA","WAGEGAP","EMPLOYEE","PC_PNT","A","2015",18.882681564,
"USA","WAGEGAP","EMPLOYEE","PC_PNT","A","2016",18.142076503,
"USA","WAGEGAP","EMPLOYEE","PC_PNT","A","2017",18.172157279,
"BGR","WAGEGAP","EMPLOYEE","PC_PNT","A","2002",13.095606436,
"BGR","WAGEGAP","EMPLOYEE","PC_PNT","A","2006",1.3793103448,
"BGR","WAGEGAP","EMPLOYEE","PC_PNT","A","2010",6.9343065693,
"BGR","WAGEGAP","EMPLOYEE","PC_PNT","A","2014",4.0625,
"CHL","WAGEGAP","EMPLOYEE","PC_PNT","A","1998",14.285714286,
"CHL","WAGEGAP","EMPLOYEE","PC_PNT","A","2000",6.0729,
"CHL","WAGEGAP","EMPLOYEE","PC_PNT","A","2003",1.6831838918,
"CHL","WAGEGAP","EMPLOYEE","PC_PNT","A","2006",5.5555555556,
"CHL","WAGEGAP","EMPLOYEE","PC_PNT","A","2009",9.0909090909,
"CHL","WAGEGAP","EMPLOYEE","PC_PNT","A","2011",16,
"CHL","WAGEGAP","EMPLOYEE","PC_PNT","A","2013",10.666666667,
"CHL","WAGEGAP","EMPLOYEE","PC_PNT","A","2015",21.052631579,
"COL","WAGEGAP","EMPLOYEE","PC_PNT","A","2007",1.3393170184,
"COL","WAGEGAP","EMPLOYEE","PC_PNT","A","2008",1.7396907216,
"COL","WAGEGAP","EMPLOYEE","PC_PNT","A","2009",3.3846751713,
"COL","WAGEGAP","EMPLOYEE","PC_PNT","A","2010",6.4305555556,
"COL","WAGEGAP","EMPLOYEE","PC_PNT","A","2011",3.5348084188,
"COL","WAGEGAP","EMPLOYEE","PC_PNT","A","2012",8.1979467756,
"COL","WAGEGAP","EMPLOYEE","PC_PNT","A","2013",7.1428571429,
"COL","WAGEGAP","EMPLOYEE","PC_PNT","A","2014",9.6,
"COL","WAGEGAP","EMPLOYEE","PC_PNT","A","2015",11.141715728,
"COL","WAGEGAP","EMPLOYEE","PC_PNT","A","2016",7.0917506686,
"CRI","WAGEGAP","EMPLOYEE","PC_PNT","A","2010",0,
"CRI","WAGEGAP","EMPLOYEE","PC_PNT","A","2011",4.6306818182,
"CRI","WAGEGAP","EMPLOYEE","PC_PNT","A","2012",0.5524861878,
"CRI","WAGEGAP","EMPLOYEE","PC_PNT","A","2013",0,
"CRI","WAGEGAP","EMPLOYEE","PC_PNT","A","2014",5.1497005988,
"CRI","WAGEGAP","EMPLOYEE","PC_PNT","A","2015",3.7037037037,
"CRI","WAGEGAP","EMPLOYEE","PC_PNT","A","2016",1.7857142857,
"HRV","WAGEGAP","EMPLOYEE","PC_PNT","A","2010",3.8323353293,
"CYP","WAGEGAP","EMPLOYEE","PC_PNT","A","2002",31.399946315,
"CYP","WAGEGAP","EMPLOYEE","PC_PNT","A","2006",30.26689381,
"CYP","WAGEGAP","EMPLOYEE","PC_PNT","A","2010",24.600990644,
"CYP","WAGEGAP","EMPLOYEE","PC_PNT","A","2014",13.409234662,
"EST","WAGEGAP","EMPLOYEE","PC_PNT","A","2002",25.000651941,
"EST","WAGEGAP","EMPLOYEE","PC_PNT","A","2006",29.6875,
"EST","WAGEGAP","EMPLOYEE","PC_PNT","A","2010",27.797833935,
"EST","WAGEGAP","EMPLOYEE","PC_PNT","A","2014",28.339350181,
"ISR","WAGEGAP","EMPLOYEE","PC_PNT","A","2001",28.065758294,
"ISR","WAGEGAP","EMPLOYEE","PC_PNT","A","2002",24.807236062,
"ISR","WAGEGAP","EMPLOYEE","PC_PNT","A","2003",25.23364486,
"ISR","WAGEGAP","EMPLOYEE","PC_PNT","A","2004",25.169773154,
"ISR","WAGEGAP","EMPLOYEE","PC_PNT","A","2005",22.93255132,
"ISR","WAGEGAP","EMPLOYEE","PC_PNT","A","2006",22.076968273,
"ISR","WAGEGAP","EMPLOYEE","PC_PNT","A","2007",21.278109878,
"ISR","WAGEGAP","EMPLOYEE","PC_PNT","A","2008",20.393019101,
"ISR","WAGEGAP","EMPLOYEE","PC_PNT","A","2009",20.146276596,
"ISR","WAGEGAP","EMPLOYEE","PC_PNT","A","2010",20.084232693,
"ISR","WAGEGAP","EMPLOYEE","PC_PNT","A","2011",20.916107807,
"ISR","WAGEGAP","EMPLOYEE","PC_PNT","A","2012",19.475,
"ISR","WAGEGAP","EMPLOYEE","PC_PNT","A","2013",18.219461698,
"ISR","WAGEGAP","EMPLOYEE","PC_PNT","A","2014",18.882511421,
"ISR","WAGEGAP","EMPLOYEE","PC_PNT","A","2015",19.275180062,
"LVA","WAGEGAP","SELFEMPLOYED","PC_PNT","A","2006",17.95977,
"LVA","WAGEGAP","SELFEMPLOYED","PC_PNT","A","2007",23.37753,
"LVA","WAGEGAP","SELFEMPLOYED","PC_PNT","A","2008",24.93694,
"LVA","WAGEGAP","SELFEMPLOYED","PC_PNT","A","2009",22.8209,
"LVA","WAGEGAP","SELFEMPLOYED","PC_PNT","A","2010",19.03423,
"LVA","WAGEGAP","SELFEMPLOYED","PC_PNT","A","2011",22.38386,
"LVA","WAGEGAP","SELFEMPLOYED","PC_PNT","A","2012",20.56173,
"LVA","WAGEGAP","SELFEMPLOYED","PC_PNT","A","2013",20.85689,
"LVA","WAGEGAP","SELFEMPLOYED","PC_PNT","A","2014",18.92838,
"LVA","WAGEGAP","SELFEMPLOYED","PC_PNT","A","2015",21.35451,
"LVA","WAGEGAP","EMPLOYEE","PC_PNT","A","2002",18.919555573,
"LVA","WAGEGAP","EMPLOYEE","PC_PNT","A","2006",10.991957105,
"LVA","WAGEGAP","EMPLOYEE","PC_PNT","A","2010",19.055649241,
"LVA","WAGEGAP","EMPLOYEE","PC_PNT","A","2014",21.122994652,
"LTU","WAGEGAP","EMPLOYEE","PC_PNT","A","2002",14.631356373,
"LTU","WAGEGAP","EMPLOYEE","PC_PNT","A","2006",15.952380952,
"LTU","WAGEGAP","EMPLOYEE","PC_PNT","A","2010",10.642570281,
"LTU","WAGEGAP","EMPLOYEE","PC_PNT","A","2014",12.479740681,
"MLT","WAGEGAP","EMPLOYEE","PC_PNT","A","2002",13.555733265,
"MLT","WAGEGAP","EMPLOYEE","PC_PNT","A","2006",7.4407195421,
"MLT","WAGEGAP","EMPLOYEE","PC_PNT","A","2010",7.0678796361,
"MLT","WAGEGAP","EMPLOYEE","PC_PNT","A","2014",8.9894606324,
"ROU","WAGEGAP","EMPLOYEE","PC_PNT","A","2002",15.604151223,
"ROU","WAGEGAP","EMPLOYEE","PC_PNT","A","2006",9.5419847328,
"ROU","WAGEGAP","EMPLOYEE","PC_PNT","A","2010",9.6317280453,
"ROU","WAGEGAP","EMPLOYEE","PC_PNT","A","2014",1.5463917526,
"SVN","WAGEGAP","SELFEMPLOYED","PC_PNT","A","2004",28.55167,
"SVN","WAGEGAP","SELFEMPLOYED","PC_PNT","A","2005",29.83193,
"SVN","WAGEGAP","SELFEMPLOYED","PC_PNT","A","2006",29.04448,
"SVN","WAGEGAP","SELFEMPLOYED","PC_PNT","A","2007",28.61247,
"SVN","WAGEGAP","SELFEMPLOYED","PC_PNT","A","2008",27.70613,
"SVN","WAGEGAP","SELFEMPLOYED","PC_PNT","A","2009",29.5369,
"SVN","WAGEGAP","SELFEMPLOYED","PC_PNT","A","2010",32.83021,
"SVN","WAGEGAP","SELFEMPLOYED","PC_PNT","A","2011",33.93264,
"SVN","WAGEGAP","SELFEMPLOYED","PC_PNT","A","2012",31.09319,
"SVN","WAGEGAP","SELFEMPLOYED","PC_PNT","A","2013",30.99979,
"SVN","WAGEGAP","SELFEMPLOYED","PC_PNT","A","2014",30.46666,
"SVN","WAGEGAP","SELFEMPLOYED","PC_PNT","A","2015",32.06516,
"SVN","WAGEGAP","EMPLOYEE","PC_PNT","A","2002",9.4052412234,
"SVN","WAGEGAP","EMPLOYEE","PC_PNT","A","2006",7.2205736894,
"SVN","WAGEGAP","EMPLOYEE","PC_PNT","A","2010",0.9917355372,
"SVN","WAGEGAP","EMPLOYEE","PC_PNT","A","2014",4.9962714392,
"SRB","WAGEGAP","SELFEMPLOYED","PC_PNT","A","2012",37.70517,
"SRB","WAGEGAP","SELFEMPLOYED","PC_PNT","A","2013",37.70517,
"EU28","WAGEGAP","EMPLOYEE","PC_PNT","A","2006",20.285714286,
"EU28","WAGEGAP","EMPLOYEE","PC_PNT","A","2010",18.909090909,
"EU28","WAGEGAP","EMPLOYEE","PC_PNT","A","2014",19.126566923,
"OECD","WAGEGAP","EMPLOYEE","PC_PNT","A","1995",19.2289126701081,
"OECD","WAGEGAP","EMPLOYEE","PC_PNT","A","1996",19.2499317240483,
"OECD","WAGEGAP","EMPLOYEE","PC_PNT","A","1997",18.5973562111324,
"OECD","WAGEGAP","EMPLOYEE","PC_PNT","A","1998",18.3343643102331,
"OECD","WAGEGAP","EMPLOYEE","PC_PNT","A","1999",17.9950694932194,
"OECD","WAGEGAP","EMPLOYEE","PC_PNT","A","2000",17.6737732345437,
"OECD","WAGEGAP","EMPLOYEE","PC_PNT","A","2001",17.5109737265526,
"OECD","WAGEGAP","EMPLOYEE","PC_PNT","A","2002",17.0104112426737,
"OECD","WAGEGAP","EMPLOYEE","PC_PNT","A","2003",16.332554274292,
"OECD","WAGEGAP","EMPLOYEE","PC_PNT","A","2004",16.0985119494689,
"OECD","WAGEGAP","EMPLOYEE","PC_PNT","A","2005",15.6075281090501,
"OECD","WAGEGAP","EMPLOYEE","PC_PNT","A","2006",15.25931656425,
"OECD","WAGEGAP","EMPLOYEE","PC_PNT","A","2007",15.3328973085859,
"OECD","WAGEGAP","EMPLOYEE","PC_PNT","A","2008",15.2802474812629,
"OECD","WAGEGAP","EMPLOYEE","PC_PNT","A","2009",14.8639134327788,
"OECD","WAGEGAP","EMPLOYEE","PC_PNT","A","2010",14.4534440525001,
"OECD","WAGEGAP","EMPLOYEE","PC_PNT","A","2011",14.3439035544128,
"OECD","WAGEGAP","EMPLOYEE","PC_PNT","A","2012",14.2353700151542,
"OECD","WAGEGAP","EMPLOYEE","PC_PNT","A","2013",14.2834362410227,
"OECD","WAGEGAP","EMPLOYEE","PC_PNT","A","2014",14.2351429670489,
"OECD","WAGEGAP","EMPLOYEE","PC_PNT","A","2015",14.2554439715556,
"OECD","WAGEGAP","EMPLOYEE","PC_PNT","A","2016",13.8922071020086,
